id,category,feature,Launcher3_source_baseline,Pixel_reference,product_disposition,Mandre_product_plan,priority,phase,product_status
F001,"Home, icons and interaction",Default Home role and app launching,Native,Yes,Inherit / adapt presentation,"Preserve native behavior, tune against pinned Pixel reference where applicable, and verify on the supported capability/device matrix.",P0,1,planned-not-implemented
F002,"Home, icons and interaction",Multiple home pages and page indicators,Native,Yes,Inherit / adapt presentation,"Preserve native behavior, tune against pinned Pixel reference where applicable, and verify on the supported capability/device matrix.",P1,1,planned-not-implemented
F003,"Home, icons and interaction","Icon drag/drop, rearrangement and cross-page moves",Native,Yes,Inherit / adapt presentation,"Preserve native behavior, tune against pinned Pixel reference where applicable, and verify on the supported capability/device matrix.",P0,1,planned-not-implemented
F004,"Home, icons and interaction",Fixed dock/hotseat,Native,Yes,Inherit / adapt presentation,"Preserve native behavior, tune against pinned Pixel reference where applicable, and verify on the supported capability/device matrix.",P1,2,planned-not-implemented
F005,"Home, icons and interaction","Folders: create, rename, open, reorder, paginate",Native,Yes,Inherit / adapt presentation,"Preserve native behavior, tune against pinned Pixel reference where applicable, and verify on the supported capability/device matrix.",P1,1,planned-not-implemented
F006,"Home, icons and interaction",Home icon/label spacing,Device profiles,Pixel-specific tuning,Inherit / adapt presentation,"Preserve native behavior, tune against pinned Pixel reference where applicable, and verify on the supported capability/device matrix.",P1,2,planned-not-implemented
F007,"Home, icons and interaction",Grid choices and icon-size profiles,Device profiles/customization plumbing,Wallpaper & style Layout,Rework / owned adaptation,"Own Wallpaper & Style selector: XL 2×2, Big 3×3, Medium 4×4 default, Small 5×5; preserve native migration.",P1,2,planned-not-implemented
F008,"Home, icons and interaction","Grid migration, overflow and widget placement",Native migration infrastructure,Yes,Inherit / adapt presentation,"Adapter migration contract; preserve overflow, validate widget spans, recovery snapshots and usable undo.",P0,1,planned-not-implemented
F009,"Home, icons and interaction",Home long-press menu,Native,Pixel presentation,Inherit / adapt presentation,"Preserve native behavior, tune against pinned Pixel reference where applicable, and verify on the supported capability/device matrix.",P1,2,planned-not-implemented
F010,"Home, icons and interaction",App long-press shortcuts,Native ShortcutManager/popup,Yes,Inherit / adapt presentation,"Preserve native behavior, tune against pinned Pixel reference where applicable, and verify on the supported capability/device matrix.",P1,1,planned-not-implemented
F011,"Home, icons and interaction","App info, uninstall and remove-from-home",Native/system intents,Yes,Inherit / adapt presentation,"Preserve native behavior, tune against pinned Pixel reference where applicable, and verify on the supported capability/device matrix.",P1,1,planned-not-implemented
F012,"Home, icons and interaction",Notification dots,Native notification listener,Yes,Inherit / adapt presentation,"Preserve native behavior, tune against pinned Pixel reference where applicable, and verify on the supported capability/device matrix.",P1,2,planned-not-implemented
F013,"Home, icons and interaction",Notification previews in app popup,Native popup/listener,Yes,Inherit / adapt presentation,"Preserve native behavior, tune against pinned Pixel reference where applicable, and verify on the supported capability/device matrix.",P1,2,planned-not-implemented
F014,"Home, icons and interaction",Auto-add newly installed apps,Native setting/session receiver,Yes,Inherit / adapt presentation,"Preserve native behavior, tune against pinned Pixel reference where applicable, and verify on the supported capability/device matrix.",P1,1,planned-not-implemented
F015,"Home, icons and interaction","Install progress, pending/promise icons",Native,Yes,Inherit / adapt presentation,"Preserve native behavior, tune against pinned Pixel reference where applicable, and verify on the supported capability/device matrix.",P1,1,planned-not-implemented
F016,"Home, icons and interaction",Adaptive icon masking,Native icon pipeline,Yes,Inherit / adapt presentation,"Preserve native behavior, tune against pinned Pixel reference where applicable, and verify on the supported capability/device matrix.",P1,2,planned-not-implemented
F017,"Home, icons and interaction",Native monochrome themed Home icons,Native controller/provider palette,Minimal style,Inherit / adapt presentation,"Preserve native behavior, tune against pinned Pixel reference where applicable, and verify on the supported capability/device matrix.",P1,2,planned-not-implemented
F018,"Home, icons and interaction",Force-theme icons without monochrome artwork,Flagged generator,Minimal style; coverage varies,Rework / owned adaptation,Prefer app monochrome artwork; owned fallback generator with optical normalization and theme-independent polarity. No blanket uniform-quality claim.,P1,2,planned-not-implemented
F019,"Home, icons and interaction",Icon optical balance,Native/app artwork,App-dependent,Inherit / adapt presentation,"Preserve native behavior, tune against pinned Pixel reference where applicable, and verify on the supported capability/device matrix.",P1,2,planned-not-implemented
F020,"Home, icons and interaction",Theme icons in drawer/search,Render pipeline; derivative decides,Official docs say drawer icons are not stylized,Rework / owned adaptation,"Mandre Launcher extension: optional themed drawer/search icons, controlled under Icons; enabled only with Minimalist.",P1,5,planned-not-implemented
F021,"Home, icons and interaction",Icon shapes and matching folder shapes,Flagged shape/schema code,Shape options documented,Defer / capability spike,Defer icon-shape expansion until native shape/cache/migration contracts are validated.,P2,Later,planned-not-implemented
F022,"Home, icons and interaction",Home app-label hiding,Label rendering can be extended,Current availability not confirmed from primary reference,Defer / capability spike,Optional owned label visibility; do not call it verified Pixel parity.,P2,Later,planned-not-implemented
F023,"Home, icons and interaction",AI-generated icons / coordinated theme packs,No equivalent Google service,"Documented, conditional rollout",Discard privileged/private parity,Discard private AI icon generation; own curated presets are a separate possibility.,Excluded,Excluded,planned-not-implemented
F024,"Home, icons and interaction",Dynamic Calendar/Clock icon presentation,Native provider/icon hooks,Yes,Inherit / adapt presentation,"Preserve native behavior, tune against pinned Pixel reference where applicable, and verify on the supported capability/device matrix.",P1,2,planned-not-implemented
F025,"Home, icons and interaction",Haptics and touch feedback,"Native framework, optional newer flags",Tuned Pixel feedback,Inherit / adapt presentation,"Preserve native behavior, tune against pinned Pixel reference where applicable, and verify on the supported capability/device matrix.",P1,2,planned-not-implemented
F026,Drawer and search,"Swipe-up drawer, swipe cancellation and Back",Native state/touch system,Yes,Inherit / adapt presentation,"Preserve native behavior, tune against pinned Pixel reference where applicable, and verify on the supported capability/device matrix.",P0,2,planned-not-implemented
F027,Drawer and search,Alphabetical app list and fast scrolling,Native list/fast scroller; letter variant flagged,Yes,Inherit / adapt presentation,"Preserve native behavior, tune against pinned Pixel reference where applicable, and verify on the supported capability/device matrix.",P1,2,planned-not-implemented
F028,Drawer and search,Local app-name matching,Native algorithm,Part of richer search,Inherit / adapt presentation,"Preserve native behavior, tune against pinned Pixel reference where applicable, and verify on the supported capability/device matrix.",P1,2,planned-not-implemented
F029,Drawer and search,First-result selection and Enter launch,Native/adapter hooks,Keyboard launch,Inherit / adapt presentation,"Preserve native behavior, tune against pinned Pixel reference where applicable, and verify on the supported capability/device matrix.",P1,2,planned-not-implemented
F030,Drawer and search,Always show keyboard on drawer opening,Derivative/settings behavior,Reference setting,Inherit / adapt presentation,"Preserve native behavior, tune against pinned Pixel reference where applicable, and verify on the supported capability/device matrix.",P1,2,planned-not-implemented
F031,Drawer and search,Two-line long app names,Flagged/native text support,Reference setting,Inherit / adapt presentation,"Preserve native behavior, tune against pinned Pixel reference where applicable, and verify on the supported capability/device matrix.",P1,2,planned-not-implemented
F032,Drawer and search,Drawer Search capsule geometry/typography,"Native search shell, not Pixel UI",Pixel-specific shell,Rework / owned adaptation,Own consistent capsule geometry and typography; hosted-provider/local-input integration must pass a spike.,P1,2,planned-not-implemented
F033,Drawer and search,Drawer light/dark surface hierarchy,Native tinted fallback,Tinted/blurred Pixel surfaces,Rework / owned adaptation,"Shared semantic palette with distinct drawer/search/icon-container tones, light/dark and fallback checks.",P1,2,planned-not-implemented
F034,Drawer and search,Drawer Search G/microphone/Lens appearance/actions,OSE hosted widget plumbing,Integrated Google actions,Rework / owned adaptation,Preserve supported Google widget actions; replace MVP glyph-extraction/coordinate assumptions with a supported integration or neutral owned actions.,P1,2,planned-not-implemented
F035,Drawer and search,"Contacts, settings, shortcuts and other local search results",Extension points; basic standalone is app search,Documented result categories,Defer / capability spike,Later permission-aware owned index; no arbitrary private app data access.,P2,Later,planned-not-implemented
F036,Drawer and search,Web results and Play results inside drawer,Provider/derivative-dependent,Documented integration,Defer / capability spike,Later supported provider links/content contract; do not embed proprietary Pixel result services.,P2,Later,planned-not-implemented
F037,Drawer and search,Search within apps / Pixel Screenshots / tips,No Pixel service implementation,Conditional model/service features,Discard privileged/private parity,Discard proprietary Pixel app-content/screenshots intelligence; reassess only a separately exposed supported public integration.,Excluded,Excluded,planned-not-implemented
F038,Drawer and search,AI Mode/Search shortcut customization,OSE/provider-dependent,"Documented, locale-dependent",Defer / capability spike,Delegate only when provider exposes support; no guaranteed AI shortcut in owned local app input.,P2,Later,planned-not-implemented
F039,Drawer and search,Suggested apps in drawer,Prediction views; provider/Quickstep-dependent,Yes,Discard privileged/private parity,Discard Pixel predictions; any later owned recommender is a separately consented product feature.,Excluded,Excluded,planned-not-implemented
F040,Drawer and search,"Suggested apps in dock, pin/exclude suggestion",Hybrid dock/prediction infrastructure,Yes,Discard privileged/private parity,Discard predictive dock; retain fixed native dock.,Excluded,Excluded,planned-not-implemented
F041,Drawer and search,Folders/organizer in app drawer,Flagged source/organizer flows,Not confirmed as a standard Pixel feature,Defer / capability spike,Not a Pixel-parity requirement; do not enable organizer merely because source is present.,P2,Later,planned-not-implemented
F042,"Widgets, backgrounds and visual behavior","Widget host: add, configure, move, remove and resize",Native AppWidgetHost,Yes,Inherit / adapt presentation,"Preserve native behavior, tune against pinned Pixel reference where applicable, and verify on the supported capability/device matrix.",P0,1,planned-not-implemented
F043,"Widgets, backgrounds and visual behavior",Widget picker catalogue/search/previews,Native picker; modern Compose module,Pixel picker plus services,Inherit / adapt presentation,Preserve ordinary native picker; exclude private rankings; test large provider catalogs.,P1,2,planned-not-implemented
F044,"Widgets, backgrounds and visual behavior",App-pinned shortcuts/widgets and consent,Native confirm-pin activities,Yes,Inherit / adapt presentation,"Preserve native behavior, tune against pinned Pixel reference where applicable, and verify on the supported capability/device matrix.",P1,1,planned-not-implemented
F045,"Widgets, backgrounds and visual behavior",Widget recommendations / contextual ranking,Platform prediction/provider hooks,Pixel recommendations,Discard privileged/private parity,Discard private rankings; preserve ordinary provider catalogue and previews.,Excluded,Excluded,planned-not-implemented
F046,"Widgets, backgrounds and visual behavior",Widget creation shortcut,Branch/provider/flag-dependent,Rollout/provider-dependent; not confirmed here,Defer / capability spike,Provider/flag capability spike before exposure; not initial release scope.,P2,Later,planned-not-implemented
F047,"Widgets, backgrounds and visual behavior",Home Google Search widget,"QSB/OSE plumbing, external app needed",Pixel-integrated bar,Rework / owned adaptation,"Actual hosted Search provider widget, requested-on by default; safe missing-provider/binding fallback.",P1,2,planned-not-implemented
F048,"Widgets, backgrounds and visual behavior",Search visibility and provider configuration,Derivative settings,Version/provider-specific,Rework / owned adaptation,Split toggle + configuration submenu; record effective/pending provider state; not an inert settings link.,P1,2,planned-not-implemented
F049,"Widgets, backgrounds and visual behavior",Public Google At a Glance widget,Host can add third-party widget,Separate from integrated Pixel At a Glance,Rework / owned adaptation,"Public Google At a Glance widget, requested-on by default; provider configuration and missing-provider fallback.",P1,2,planned-not-implemented
F050,"Widgets, backgrounds and visual behavior",Pixel At a Glance contextual cards,No full Google Smartspace service,Events/weather/contextual cards,Discard privileged/private parity,Discard private integrated Smartspace cards; use separate public widget integration.,Excluded,Excluded,planned-not-implemented
F051,"Widgets, backgrounds and visual behavior",Widget drawing during page/drawer motion,Native drawing; cache edge cases,Smooth integration,Inherit / adapt presentation,Native clipping/layer contract; top widget remains intact during page and drawer gestures.,P0,2,planned-not-implemented
F052,"Widgets, backgrounds and visual behavior",Typography and settings colors,Native/default font/resources,Pixel Google typography/tokens,Inherit / adapt presentation,"Google Sans Flex OFL + shared Expressive tokens, native-resource bridge and unified surfaces.",P1,2,planned-not-implemented
F053,"Widgets, backgrounds and visual behavior",Home/drawer/folder animations,Native state/animation engine,Shared foundations plus Pixel tuning,Inherit / adapt presentation,"Preserve native behavior, tune against pinned Pixel reference where applicable, and verify on the supported capability/device matrix.",P1,2,planned-not-implemented
F054,"Widgets, backgrounds and visual behavior",App launch/return icon morph and gesture continuity,Basic standalone; full path Quickstep,System-integrated remote animations,Rework / owned adaptation,Adapt standalone transitions; privileged Recents/gesture handoff excluded. Fix app-return wallpaper flash as an explicit release gate.,P0,2,planned-not-implemented
F055,"Widgets, backgrounds and visual behavior",System wallpaper display/parallax,Native WallpaperManager integration,Yes,Inherit / adapt presentation,"Preserve native behavior, tune against pinned Pixel reference where applicable, and verify on the supported capability/device matrix.",P1,2,planned-not-implemented
F056,"Widgets, backgrounds and visual behavior",Live wallpaper hosting,System wallpaper mechanism,"Yes, including Pixel providers",Inherit / adapt presentation,"Preserve native behavior, tune against pinned Pixel reference where applicable, and verify on the supported capability/device matrix.",P1,2,planned-not-implemented
F057,"Widgets, backgrounds and visual behavior","Wallpaper/color selection, lock-screen styling",Delegates to separate system app,Pixel Wallpaper & style stack,Rework / owned adaptation,Own grids/icons/style controls; system wallpaper picker via resolvable public intent with generic fallback.,P1,2,planned-not-implemented
F058,"Widgets, backgrounds and visual behavior",AI/emoji/cinematic/daily wallpaper generation,"External provider, not core Launcher3",Documented Pixel services,Discard privileged/private parity,Delegate available public wallpaper provider; no private Pixel generators implemented.,Excluded,Excluded,planned-not-implemented
F059,"Widgets, backgrounds and visual behavior",Per-Mode launcher image backgrounds,No automatic screen profiles,No native Focus-style workspace feature confirmed,Rework / owned adaptation,Own per-workspace images; respect OS wallpaper by default; no lock-screen switching promise.,P1,3–4,planned-not-implemented
F060,"Widgets, backgrounds and visual behavior",Blur behind drawer/picker and animated depth,"Flagged, build/device-dependent",Pixel visual treatment,Rework / owned adaptation,"Owned blur if measured/capable, otherwise opaque tonal fallback. No arbitrary live-wallpaper capture.",P1,2,planned-not-implemented
F061,"Profiles, system integration and device forms","Work-profile apps, badging, tabs and pause",Native managed-profile support,Yes,Inherit / adapt presentation,"Preserve native behavior, tune against pinned Pixel reference where applicable, and verify on the supported capability/device matrix.",P0,1,planned-not-implemented
F062,"Profiles, system integration and device forms","Private Space: hidden section, lock/unlock, search exclusion",Flagged native implementation,Yes on supported devices,Inherit / adapt presentation,"Public default-Home/private-profile requirements, lock/unlock and search isolation; do not blindly enable a flag.",P0,5,planned-not-implemented
F063,"Profiles, system integration and device forms",Focus mode/Digital Wellbeing paused apps,"System suspension state, not launcher-owned mode",System-driven,Inherit / adapt presentation,Respect suspended apps; no independent screen selector from a hidden Digital Wellbeing identity.,P1,1,planned-not-implemented
F064,"Profiles, system integration and device forms",Archived apps / unarchive,Flagged native infrastructure,OS/store-dependent support,Defer / capability spike,Baseline upgrade candidate after native/API/store capability validation; not assumed enabled.,P2,Later,planned-not-implemented
F065,"Profiles, system integration and device forms",Google Discover left page,"Overlay extension point, no Google feed bundled",Google integration,Discard privileged/private parity,Discard undocumented/private Google feed integration; no signature impersonation.,Excluded,Excluded,planned-not-implemented
F066,"Profiles, system integration and device forms",Overview/Recents task list and screenshots,Privileged Quickstep variant,System-integrated,Discard privileged/private parity,Retain device system Recents; do not claim our APK replaces it.,Excluded,Excluded,planned-not-implemented
F067,"Profiles, system integration and device forms",Overview text/image selection and contextual actions,Quickstep/system service integration,Pixel intelligence,Discard privileged/private parity,Discard Pixel Overview intelligence; owned Home actions remain separate.,Excluded,Excluded,planned-not-implemented
F068,"Profiles, system integration and device forms",Split-screen pairs / Recents drag/task operations,Quickstep/app-pair infrastructure,Device/form-dependent,Discard privileged/private parity,Privileged Recents features excluded; optional supported app-launch behavior evaluated separately.,Excluded,Excluded,planned-not-implemented
F069,"Profiles, system integration and device forms","Tablet taskbar, desktop taskbar and overflow",Quickstep/system build,Supported Pixel tablet/desktop forms,Discard privileged/private parity,Standalone responsive launcher first; system taskbar replacement excluded.,Excluded,Excluded,planned-not-implemented
F070,"Profiles, system integration and device forms","Bubble bar, system drag and automation cues",Privileged/system modules and flags,OS/device/service-dependent,Discard privileged/private parity,Privileged SystemUI modules excluded from product APK.,Excluded,Excluded,planned-not-implemented
F071,"Profiles, system integration and device forms",Secondary display Home,Native SecondaryDisplayLauncher,Device-dependent,Defer / capability spike,Secondary-display capability spike after phone baseline; not promised by source presence.,P2,Later,planned-not-implemented
F072,"Profiles, system integration and device forms",Phone rotation,Native plumbing,Setting in reference,Inherit / adapt presentation,"Preserve native behavior, tune against pinned Pixel reference where applicable, and verify on the supported capability/device matrix.",P1,2,planned-not-implemented
F073,"Profiles, system integration and device forms",Tablet/foldable responsive Home and drawer,Native profiles; newer responsive/unfold flags,Pixel device tuning,Inherit / adapt presentation,Use native device profiles plus owned adaptive settings; staged foldable/tablet validation.,P1,5,planned-not-implemented
F074,"Profiles, system integration and device forms","Keyboard, mouse and touchpad interaction",Native focus/input; enhanced flags/Quickstep paths,Device-dependent,Defer / capability spike,Validate native focus on keyboard/mouse; defer enhanced desktop-specific paths.,P2,Later,planned-not-implemented
F075,"Profiles, system integration and device forms","Accessibility: labels, actions, focus and large text",Native foundations,Native plus Pixel components,Inherit / adapt presentation,"Preserve native behavior, tune against pinned Pixel reference where applicable, and verify on the supported capability/device matrix.",P0,5,planned-not-implemented
F076,"Profiles, system integration and device forms",Localization and RTL,Native translations/layout support,Yes,Inherit / adapt presentation,"Preserve native behavior, tune against pinned Pixel reference where applicable, and verify on the supported capability/device matrix.",P1,5,planned-not-implemented
F077,"Profiles, system integration and device forms",Cross-phone/capability availability,Build/device dependent,Supported Pixel devices,Inherit / adapt presentation,API 31 minimum direction with actual port/API/device validation; legacy and modern backends explicit; all phones remains direction rather than certification.,P1,5,planned-not-implemented
F078,"Profiles, system integration and device forms",Circle to Search / assistant navigation gestures,"System/Google feature, not standalone engine",Supported device/service,Discard privileged/private parity,Existing OS capability remains OS-owned; no launcher injection/enablement.,Excluded,Excluded,planned-not-implemented
F079,"Profiles, system integration and device forms","Tap-to-wake, AOD, lock screen and system power menu",OS/firmware,Pixel OS features,Discard privileged/private parity,OS-owned; double-tap lock is our separate public-API addition.,Excluded,Excluded,planned-not-implemented
F080,"Profiles, system integration and device forms",Per-app App Lock shortcut,Flagged source + platform integration,Availability not established here,Defer / capability spike,No initial app-lock claim from dormant source; separate public feasibility/security review.,P2,Later,planned-not-implemented
F081,"Profiles, system integration and device forms",Home files/folders copy/paste/rename/trash,Flagged + provider/storage integration,Availability not established here,Defer / capability spike,Not initial launcher scope; require explicit storage/provider capability design later.,P2,Later,planned-not-implemented
F082,"Profiles, system integration and device forms",Automatic home organizer / newer edit flows,Flagged organizer/edit source,Availability not established here,Defer / capability spike,Defer experimental organizer/edit variants; keep proven native workspace editor.,P2,Later,planned-not-implemented
F083,"Modes, persistence and proposed additions",Android-owned Mode activates launcher workspace,No profile mapping,No Focus-style workspace mapping confirmed,Rework / owned adaptation,Modern API 35+: observed owned Android rule state selects workspace. Legacy API 31–34: owned profile activation with optional separate DND integration.,P0,3–4,planned-not-implemented
F084,"Modes, persistence and proposed additions",Detect every pre-existing Android Mode,No general discovery,System may display its own indicators,Discard privileged/private parity,"Impossible through general public rule discovery; show explanation/system entry, not fabricated Mode list.",Excluded,Excluded,planned-not-implemented
F085,"Modes, persistence and proposed additions",Exact owned Mode name/icon,No,System indicators; no equivalent pill,Rework / owned adaptation,Owned rule name and local icon mapping; exact system-owner Mode identity unavailable.,P1,3–4,planned-not-implemented
F086,"Modes, persistence and proposed additions",Multiple independently active Modes and precedence,No screen policy,System rules can overlap,Rework / owned adaptation,Stable explicit priority; keep eligible current workspace on ties; deterministic fallback.,P0,3–4,planned-not-implemented
F087,"Modes, persistence and proposed additions",Mode quick controls and optional pill,No,SystemUI owns its dialog,Rework / owned adaptation,"Compact themed pill below Search. Visible by default on legacy API 31–34, including Modes entry when inactive; hideable with permanent Home-menu access. Modern active indicator remains optional.",P1,3–4,planned-not-implemented
F088,"Modes, persistence and proposed additions",Screen-change animation and transient announcement,No Mode-specific path,No equivalent workspace behavior,Rework / owned adaptation,Coordinate background/workspace/indicator transition after native bind acknowledgement; TalkBack announcement.,P1,3–4,planned-not-implemented
F089,"Modes, persistence and proposed additions","Independent icons, folders, dock and widgets per Mode",One native workspace database,No confirmed equivalent,Rework / owned adaptation,Native workspace stores through one adapter; global widget-host lifecycle and reference counting.,P0,3–4,planned-not-implemented
F090,"Modes, persistence and proposed additions",Inactive screen editor/preview,No multi-Mode editor,No equivalent,Rework / owned adaptation,Explicit inactive-workspace edit session; saving does not activate its Android rule.,P1,3–4,planned-not-implemented
F091,"Modes, persistence and proposed additions",Unlimited user-defined screens/Modes,No,No equivalent,Rework / owned adaptation,"Dynamic durable IDs, no fixed enum; handle Android 17 AOSP 100-rule/package ceiling and lower OEM/component limits.",P0,3–4,planned-not-implemented
F092,"Modes, persistence and proposed additions",Weekly/overnight Mode schedule,No,"System schedules, not screen mapping",Rework / owned adaptation,"Weekly/overnight/DST-aware AlarmManager boundaries, precise-access fallback and boot/timezone reconciliation.",P1,3–4,planned-not-implemented
F093,"Modes, persistence and proposed additions",Busy-calendar Mode triggers,No,System/Wellbeing automation varies,Rework / owned adaptation,"Opt-in READ_CALENDAR, calendar selection and busy-only conditions; privacy and provider recovery.",P1,3–4,planned-not-implemented
F094,"Modes, persistence and proposed additions",Android manual override/snooze handling,No screen mapping,System semantics,Rework / owned adaptation,Honor effective system state and manual snoozes; never continuously reassert automation.,P0,3–4,planned-not-implemented
F095,"Modes, persistence and proposed additions",DND/sound/vibration policy per Mode,System delegates,System modes,Rework / owned adaptation,Capability-gated public policy and user-managed rule flows; system effective policy is authoritative.,P0,3–4,planned-not-implemented
F096,"Modes, persistence and proposed additions",Bedtime/Driving/Focus workaround triggers,No stable generic identity,OEM/Google integrations,Defer / capability spike,Guided new Bedtime-like schedule; optional Driving-trigger spike. No real hidden Mode discovery/import.,P2,Later,planned-not-implemented
F097,"Modes, persistence and proposed additions",Workspace survival through process death,Native DB/model,Yes,Inherit / adapt presentation,Journal/reconcile multi-workspace operations; preserve native model data through process death.,P0,1,planned-not-implemented
F098,"Modes, persistence and proposed additions",Cross-device backup/restore,Native backup agent/restore machinery,Platform transfer/backup,Rework / owned adaptation,Versioned metadata/assets/native snapshots; recreate rule mappings; widget consent/rebinding and missing-provider UI.,P0,5,planned-not-implemented
F099,"Modes, persistence and proposed additions",Import exact Pixel workspace,No cooperation/public read contract,Own private data,Discard privileged/private parity,No public exact Pixel workspace import; cooperating export is future scope.,Excluded,Excluded,planned-not-implemented
F100,"Modes, persistence and proposed additions",Performance/battery at scale,"Mature native engine, build-dependent",Optimized with firmware,Inherit / adapt presentation,Benchmark port-only baseline and product; no steady polling; performance/battery budgets measured before promises.,P0,1,planned-not-implemented
F101,"Modes, persistence and proposed additions",Double-tap empty Home to sleep,Flag declared; imported gesture implementation not found,Not verified as an enabled reference feature,Rework / owned adaptation,"Free opt-in empty-Home double-tap lock via narrow AccessibilityService; disclosure, denial and store-policy gates.",P1,5,planned-not-implemented
F102,"Modes, persistence and proposed additions","User gestures, icon packs, hide apps, dock customization",Source extensible; not universally exposed,Limited/vendor-defined customization,Defer / capability spike,Future owned customization with capability/entitlement boundaries; avoid hidden-API dependency.,P2,Later,planned-not-implemented
F103,"Modes, persistence and proposed additions",Paid customization / entitlement management,No billing,Not a third-party launcher product model,Defer / capability spike,Future optional billing policy outside runtime/Mode resolver; preserve user data on lapse.,P2,Later,planned-not-implemented
F104,Product foundation/additions,Onboarding and permission recovery,Not a complete standalone product contract,Platform/product-dependent; see plan,Own product UX,"Resumable capability-based setup, widget toggles and honest Modes explanation",P0,4,planned-not-implemented
F105,Product foundation/additions,Settings contract and design system,Not a complete standalone product contract,Platform/product-dependent; see plan,Own product UX,"Shared MVI contracts, split rows, tokens, error/recovery states and localization",P1,0–2,planned-not-implemented
F106,Product foundation/additions,Predictive back,Not a complete standalone product contract,Platform/product-dependent; see plan,Adapt public navigation,Owned route/sheet/editor/IME progress and cancellation plus native Back coordination,P0,2–5,planned-not-implemented
F107,Product foundation/additions,Release information,Not a complete standalone product contract,Platform/product-dependent; see plan,Own product UX,Bundled per-release stable IDs; unseen entries after Home readiness; onboarding-safe,P1,5,planned-not-implemented
F108,Product foundation/additions,Rule cloning / existing System Modes,Not a complete standalone product contract,Platform/product-dependent; see plan,Rework restricted request,Clone owned rules only; templates and guided recreation for other-owner modes; no enumeration/import promise,P0,3–4,planned-not-implemented
F109,Product foundation/additions,Alternate search provider,Not a complete standalone product contract,Platform/product-dependent; see plan,Rework provider integration,Supported widgets/intents and user picker; system role only where public capability permits; no secure-key portability assumption,P1,2,planned-not-implemented
F110,Product foundation/additions,Vendor reproducibility and upgrade gates,Not a complete standalone product contract,Platform/product-dependent; see plan,Engineering foundation,"Pristine pinned inputs, compatible port, ordered patches, SHA/NOTICE verification and rehearsed update",P0,0–1,planned-not-implemented
F111,Product foundation/additions,Cross-store operation recovery,Not a complete standalone product contract,Platform/product-dependent; see plan,Engineering foundation,"Idempotent journal across system rules, metadata and native workspace stores; no assumed global transaction",P0,3,planned-not-implemented
F112,Product foundation/additions,Owned broader search / premium presets,Not a complete standalone product contract,Platform/product-dependent; see plan,Deferred product evaluation,Separate opt-in search index feasibility and curated appearance; no proprietary Google-widget query proxy,P2,Later,planned-not-implemented
